,finestep,ca_0,cd_0,ca_1,cd_1,ca_2,cd_2,ca_3,cd_3,ca_4,cd_4,ca_5,cd_5,ca_mean,cd_mean
0,-32768,6,-3,3,-3,9,-2,9,-4,5,-4,7,-4,6.5,-3.3333333333333335
1,-32640,5,-3,5,-5,5,-3,5,-3,7,-5,4,-2,5.166666666666667,-3.5
2,-32512,3,-1,4,-4,3,-5,8,0,1,-4,6,-4,4.166666666666667,-3.0
3,-32384,3,-6,6,-3,6,-2,4,-4,7,-1,3,-4,4.833333333333333,-3.3333333333333335
4,-32256,2,-5,5,-7,3,-5,5,-5,4,-5,2,-4,3.5,-5.166666666666667
5,-32128,2,-7,2,-4,4,-5,2,-4,2,-1,2,-4,2.3333333333333335,-4.166666666666667
6,-32000,7,-7,4,-4,6,-6,3,-4,3,-6,5,-7,4.666666666666667,-5.666666666666667
7,-31872,2,-5,1,-6,1,-6,3,-4,6,-6,4,-4,2.8333333333333335,-5.166666666666667
8,-31744,4,-5,2,-9,3,-5,1,-7,0,-7,3,-7,2.1666666666666665,-6.666666666666667
9,-31616,6,-8,3,-8,5,-6,5,-8,3,-6,4,-7,4.333333333333333,-7.166666666666667
10,-31488,4,-7,2,-7,1,-8,4,-5,1,-8,2,-6,2.3333333333333335,-6.833333333333333
11,-31360,2,-8,3,-6,3,-8,5,-8,2,-7,1,-8,2.6666666666666665,-7.5
12,-31232,1,-9,1,-8,1,-8,2,-9,3,-9,3,-8,1.8333333333333333,-8.5
13,-31104,4,-11,3,-8,5,-10,1,-5,4,-8,2,-8,3.1666666666666665,-8.333333333333334
14,-30976,3,-8,4,-11,6,-10,4,-9,4,-9,0,-9,3.5,-9.333333333333334
15,-30848,3,-10,1,-10,0,-10,-2,-10,2,-8,0,-8,0.6666666666666666,-9.333333333333334
16,-30720,1,-10,2,-10,2,-10,1,-11,4,-11,1,-7,1.8333333333333333,-9.833333333333334
17,-30592,-1,-10,1,-9,0,-11,0,-10,-1,-12,1,-9,0.0,-10.166666666666666
18,-30464,0,-11,1,-9,0,-12,0,-11,2,-11,-2,-11,0.16666666666666666,-10.833333333333334
19,-30336,2,-10,-2,-13,0,-13,-1,-13,3,-12,0,-11,0.3333333333333333,-12.0
20,-30208,1,-10,0,-12,1,-13,-1,-9,0,-11,0,-11,0.16666666666666666,-11.0
21,-30080,1,-14,-1,-12,-2,-12,2,-11,2,-11,0,-11,0.3333333333333333,-11.833333333333334
22,-29952,-3,-10,-2,-11,-2,-13,0,-11,2,-13,-1,-12,-1.0,-11.666666666666666
23,-29824,0,-12,0,-13,1,-12,1,-14,-1,-12,0,-15,0.16666666666666666,-13.0
24,-29696,0,-12,-3,-12,-1,-15,0,-13,-1,-13,-1,-13,-1.0,-13.0
25,-29568,-1,-14,0,-15,-2,-15,-2,-12,0,-14,-3,-14,-1.3333333333333333,-14.0
26,-29440,-3,-14,0,-13,-4,-16,-2,-14,0,-14,-2,-10,-1.8333333333333333,-13.5
27,-29312,-4,-17,0,-16,-2,-16,-2,-13,-4,-14,-2,-16,-2.3333333333333335,-15.333333333333334
28,-29184,-1,-15,-2,-15,0,-15,-2,-15,-1,-16,-1,-15,-1.1666666666666667,-15.166666666666666
29,-29056,-2,-17,-1,-18,-2,-15,-1,-15,1,-16,1,-16,-0.6666666666666666,-16.166666666666668
30,-28928,1,-17,-3,-17,-1,-17,-2,-16,-1,-14,1,-17,-0.8333333333333334,-16.333333333333332
31,-28800,-3,-17,-2,-19,-1,-16,-4,-16,-2,-17,-3,-17,-2.5,-17.0
32,-28672,-3,-18,-3,-17,-3,-17,-3,-15,-4,-17,-7,-15,-3.8333333333333335,-16.5
33,-28544,-5,-17,-4,-18,-2,-17,0,-18,-3,-15,-4,-17,-3.0,-17.0
34,-28416,-6,-19,-4,-18,-4,-17,-4,-20,-3,-18,-3,-16,-4.0,-18.0
35,-28288,-2,-17,-4,-19,-4,-17,-5,-17,-4,-21,-5,-18,-4.0,-18.166666666666668
36,-28160,-4,-18,-3,-18,-1,-19,-5,-18,-5,-19,-4,-18,-3.6666666666666665,-18.333333333333332
37,-28032,-6,-19,-4,-20,-5,-18,-6,-19,-3,-19,-4,-18,-4.666666666666667,-18.833333333333332
38,-27904,-4,-19,-5,-18,-5,-20,-3,-20,-5,-18,-4,-20,-4.333333333333333,-19.166666666666668
39,-27776,-3,-18,-3,-20,-4,-21,-3,-20,-5,-22,-5,-21,-3.8333333333333335,-20.333333333333332
40,-27648,-3,-21,-2,-21,-8,-19,-4,-19,-3,-20,-5,-22,-4.166666666666667,-20.333333333333332
41,-27520,-3,-21,-4,-21,-3,-20,-7,-20,-5,-21,-5,-19,-4.5,-20.333333333333332
42,-27392,-5,-21,-2,-20,-4,-20,-5,-23,-5,-20,-5,-22,-4.333333333333333,-21.0
43,-27264,-6,-22,-5,-22,-5,-20,-9,-23,-4,-22,-3,-21,-5.333333333333333,-21.666666666666668
44,-27136,-7,-21,-6,-22,-6,-23,-6,-21,-7,-21,-5,-23,-6.166666666666667,-21.833333333333332
45,-27008,-4,-23,-6,-23,-5,-24,-5,-23,-6,-22,-7,-24,-5.5,-23.166666666666668
46,-26880,-5,-23,-7,-22,-8,-24,-4,-21,-7,-22,-7,-22,-6.333333333333333,-22.333333333333332
47,-26752,-6,-24,-7,-22,-7,-23,-8,-23,-8,-23,-5,-24,-6.833333333333333,-23.166666666666668
48,-26624,-5,-22,-10,-24,-7,-24,-7,-25,-7,-24,-8,-22,-7.333333333333333,-23.5
49,-26496,-7,-24,-7,-24,-9,-24,-7,-24,-7,-24,-7,-24,-7.333333333333333,-24.0
50,-26368,-7,-25,-9,-24,-8,-24,-8,-24,-6,-25,-7,-24,-7.5,-24.333333333333332
51,-26240,-8,-26,-9,-24,-7,-26,-9,-25,-7,-24,-7,-26,-7.833333333333333,-25.166666666666668
52,-26112,-9,-24,-8,-26,-9,-25,-8,-24,-9,-24,-7,-24,-8.333333333333334,-24.5
53,-25984,-9,-25,-8,-26,-9,-23,-8,-24,-10,-26,-9,-26,-8.833333333333334,-25.0
54,-25856,-10,-26,-7,-25,-9,-27,-8,-26,-10,-27,-9,-26,-8.833333333333334,-26.166666666666668
55,-25728,-6,-28,-8,-27,-10,-26,-8,-25,-7,-24,-9,-23,-8.0,-25.5
56,-25600,-10,-27,-11,-26,-7,-26,-9,-26,-8,-26,-9,-25,-9.0,-26.0
57,-25472,-8,-26,-10,-26,-9,-26,-10,-25,-9,-28,-10,-27,-9.333333333333334,-26.333333333333332
58,-25344,-9,-27,-8,-28,-10,-26,-10,-28,-10,-28,-9,-26,-9.333333333333334,-27.166666666666668
59,-25216,-11,-29,-8,-27,-10,-27,-10,-26,-9,-26,-10,-28,-9.666666666666666,-27.166666666666668
60,-25088,-9,-27,-10,-28,-10,-28,-10,-27,-9,-29,-10,-28,-9.666666666666666,-27.833333333333332
61,-24960,-10,-29,-9,-28,-10,-27,-13,-27,-8,-27,-9,-28,-9.833333333333334,-27.666666666666668
62,-24832,-11,-30,-12,-29,-10,-28,-9,-28,-11,-30,-11,-27,-10.666666666666666,-28.666666666666668
63,-24704,-12,-28,-9,-29,-9,-29,-10,-29,-10,-27,-8,-29,-9.666666666666666,-28.5
64,-24576,-12,-29,-13,-30,-10,-28,-10,-28,-11,-31,-11,-28,-11.166666666666666,-29.0
65,-24448,-9,-30,-12,-30,-12,-29,-11,-30,-11,-29,-11,-29,-11.0,-29.5
66,-24320,-12,-30,-10,-30,-10,-30,-11,-29,-10,-31,-12,-30,-10.833333333333334,-30.0
67,-24192,-12,-30,-11,-29,-12,-31,-12,-30,-12,-32,-12,-29,-11.833333333333334,-30.166666666666668
68,-24064,-13,-31,-11,-30,-12,-29,-14,-31,-13,-29,-10,-29,-12.166666666666666,-29.833333333333332
69,-23936,-10,-31,-11,-31,-10,-32,-14,-32,-13,-31,-11,-31,-11.5,-31.333333333333332
70,-23808,-14,-31,-12,-32,-12,-33,-15,-32,-12,-31,-12,-31,-12.833333333333334,-31.666666666666668
71,-23680,-12,-31,-14,-31,-13,-30,-11,-33,-13,-31,-13,-31,-12.666666666666666,-31.166666666666668
72,-23552,-11,-35,-13,-32,-11,-32,-14,-33,-14,-33,-13,-32,-12.666666666666666,-32.833333333333336
73,-23424,-13,-33,-13,-32,-13,-33,-12,-33,-12,-33,-14,-33,-12.833333333333334,-32.833333333333336
74,-23296,-14,-34,-13,-33,-15,-33,-14,-33,-13,-30,-13,-33,-13.666666666666666,-32.666666666666664
75,-23168,-12,-34,-11,-32,-14,-34,-13,-33,-15,-33,-11,-33,-12.666666666666666,-33.166666666666664
76,-23040,-16,-33,-12,-35,-13,-32,-14,-33,-15,-35,-13,-32,-13.833333333333334,-33.333333333333336
77,-22912,-13,-34,-16,-34,-14,-33,-14,-34,-15,-35,-15,-35,-14.5,-34.166666666666664
78,-22784,-16,-34,-14,-33,-16,-33,-13,-35,-14,-33,-15,-34,-14.666666666666666,-33.666666666666664
79,-22656,-15,-35,-15,-36,-15,-34,-14,-33,-15,-33,-15,-37,-14.833333333333334,-34.666666666666664
80,-22528,-14,-37,-14,-37,-15,-36,-16,-35,-13,-37,-16,-36,-14.666666666666666,-36.333333333333336
81,-22400,-13,-36,-16,-35,-15,-36,-16,-36,-16,-35,-17,-34,-15.5,-35.333333333333336
82,-22272,-17,-37,-16,-36,-17,-37,-16,-36,-14,-36,-16,-36,-16.0,-36.333333333333336
83,-22144,-14,-36,-15,-38,-16,-37,-16,-37,-18,-37,-15,-37,-15.666666666666666,-37.0
84,-22016,-16,-39,-16,-37,-17,-36,-16,-35,-15,-37,-14,-37,-15.666666666666666,-36.833333333333336
85,-21888,-17,-37,-16,-37,-16,-37,-16,-36,-17,-39,-17,-38,-16.5,-37.333333333333336
86,-21760,-15,-40,-15,-37,-18,-38,-19,-38,-15,-37,-15,-37,-16.166666666666668,-37.833333333333336
87,-21632,-14,-38,-17,-38,-16,-37,-18,-37,-17,-38,-17,-37,-16.5,-37.5
88,-21504,-17,-39,-19,-38,-17,-39,-17,-40,-16,-37,-17,-39,-17.166666666666668,-38.666666666666664
89,-21376,-18,-38,-18,-37,-16,-38,-19,-39,-17,-40,-18,-39,-17.666666666666668,-38.5
90,-21248,-19,-39,-16,-38,-17,-39,-18,-40,-16,-40,-19,-39,-17.5,-39.166666666666664
91,-21120,-17,-39,-17,-40,-18,-39,-20,-38,-18,-39,-19,-38,-18.166666666666668,-38.833333333333336
92,-20992,-17,-38,-18,-40,-19,-41,-19,-40,-16,-40,-17,-38,-17.666666666666668,-39.5
93,-20864,-19,-40,-19,-40,-17,-39,-18,-41,-17,-40,-19,-40,-18.166666666666668,-40.0
94,-20736,-18,-40,-20,-39,-21,-39,-18,-41,-18,-41,-18,-42,-18.833333333333332,-40.333333333333336
95,-20608,-20,-41,-18,-39,-19,-40,-18,-43,-17,-40,-18,-40,-18.333333333333332,-40.5
96,-20480,-18,-41,-18,-42,-18,-40,-19,-41,-18,-43,-17,-41,-18.0,-41.333333333333336
97,-20352,-19,-43,-19,-41,-21,-41,-20,-40,-20,-42,-20,-42,-19.833333333333332,-41.5
98,-20224,-17,-41,-21,-43,-19,-41,-21,-41,-18,-42,-20,-41,-19.333333333333332,-41.5
99,-20096,-19,-43,-19,-42,-17,-43,-19,-42,-19,-41,-18,-43,-18.5,-42.333333333333336
100,-19968,-17,-43,-20,-42,-20,-42,-21,-43,-19,-42,-20,-41,-19.5,-42.166666666666664
101,-19840,-21,-43,-21,-44,-22,-42,-21,-43,-20,-43,-22,-43,-21.166666666666668,-43.0
102,-19712,-20,-44,-20,-42,-20,-42,-21,-45,-21,-44,-22,-44,-20.666666666666668,-43.5
103,-19584,-20,-43,-21,-44,-22,-46,-21,-44,-21,-45,-22,-44,-21.166666666666668,-44.333333333333336
104,-19456,-22,-46,-22,-43,-21,-45,-21,-44,-20,-43,-21,-45,-21.166666666666668,-44.333333333333336
105,-19328,-22,-43,-21,-46,-23,-46,-19,-45,-21,-46,-23,-46,-21.5,-45.333333333333336
106,-19200,-20,-45,-22,-46,-21,-45,-20,-45,-21,-43,-23,-44,-21.166666666666668,-44.666666666666664
107,-19072,-22,-45,-22,-44,-21,-45,-20,-47,-23,-46,-22,-47,-21.666666666666668,-45.666666666666664
108,-18944,-21,-45,-23,-47,-22,-45,-20,-46,-20,-47,-21,-47,-21.166666666666668,-46.166666666666664
109,-18816,-22,-47,-22,-46,-22,-46,-21,-45,-22,-46,-20,-46,-21.5,-46.0
110,-18688,-23,-47,-20,-45,-21,-46,-22,-47,-23,-46,-24,-47,-22.166666666666668,-46.333333333333336
111,-18560,-23,-49,-23,-47,-23,-47,-23,-46,-22,-47,-22,-46,-22.666666666666668,-47.0
112,-18432,-22,-48,-23,-49,-24,-50,-23,-46,-23,-46,-24,-45,-23.166666666666668,-47.333333333333336
113,-18304,-24,-49,-22,-48,-22,-48,-24,-48,-24,-48,-23,-47,-23.166666666666668,-48.0
114,-18176,-24,-48,-23,-48,-23,-48,-22,-50,-23,-48,-21,-48,-22.666666666666668,-48.333333333333336
115,-18048,-25,-49,-24,-48,-24,-48,-23,-49,-23,-48,-22,-49,-23.5,-48.5
116,-17920,-24,-49,-23,-48,-23,-49,-23,-49,-24,-50,-24,-48,-23.5,-48.833333333333336
117,-17792,-25,-50,-24,-50,-23,-50,-26,-48,-25,-49,-25,-50,-24.666666666666668,-49.5
118,-17664,-24,-50,-24,-48,-25,-48,-26,-50,-25,-50,-24,-49,-24.666666666666668,-49.166666666666664
119,-17536,-25,-48,-24,-50,-23,-50,-26,-50,-26,-50,-26,-49,-25.0,-49.5
120,-17408,-25,-52,-24,-51,-25,-50,-26,-51,-24,-52,-25,-51,-24.833333333333332,-51.166666666666664
121,-17280,-24,-49,-24,-50,-27,-50,-25,-51,-25,-50,-26,-51,-25.166666666666668,-50.166666666666664
122,-17152,-27,-50,-25,-52,-27,-52,-24,-49,-24,-49,-24,-51,-25.166666666666668,-50.5
123,-17024,-26,-51,-28,-52,-25,-51,-24,-53,-26,-52,-24,-52,-25.5,-51.833333333333336
124,-16896,-24,-52,-25,-52,-26,-52,-26,-52,-26,-52,-25,-52,-25.333333333333332,-52.0
125,-16768,-27,-50,-27,-52,-26,-52,-25,-53,-25,-52,-26,-53,-26.0,-52.0
126,-16640,-26,-54,-28,-52,-25,-53,-28,-53,-29,-51,-25,-53,-26.833333333333332,-52.666666666666664
127,-16512,-26,-53,-24,-54,-26,-55,-28,-53,-27,-54,-26,-55,-26.166666666666668,-54.0
128,-16384,-27,-52,-24,-52,-28,-52,-28,-53,-26,-53,-25,-53,-26.333333333333332,-52.5
129,-16256,-26,-54,-28,-54,-28,-54,-26,-54,-26,-52,-25,-52,-26.5,-53.333333333333336
130,-16128,-26,-53,-28,-54,-28,-53,-27,-52,-29,-56,-25,-54,-27.166666666666668,-53.666666666666664
131,-16000,-28,-56,-26,-54,-27,-54,-27,-54,-28,-54,-28,-54,-27.333333333333332,-54.333333333333336
132,-15872,-30,-55,-28,-52,-27,-53,-28,-55,-27,-56,-30,-56,-28.333333333333332,-54.5
133,-15744,-28,-54,-28,-54,-28,-55,-26,-53,-28,-55,-29,-56,-27.833333333333332,-54.5
134,-15616,-27,-55,-29,-55,-29,-56,-27,-55,-29,-54,-27,-55,-28.0,-55.0
135,-15488,-30,-56,-26,-56,-28,-56,-28,-57,-30,-54,-30,-55,-28.666666666666668,-55.666666666666664
136,-15360,-28,-56,-30,-54,-31,-57,-28,-56,-29,-56,-29,-56,-29.166666666666668,-55.833333333333336
137,-15232,-28,-56,-30,-57,-30,-56,-30,-56,-29,-58,-27,-56,-29.0,-56.5
138,-15104,-32,-56,-29,-57,-30,-56,-29,-57,-30,-57,-30,-58,-30.0,-56.833333333333336
139,-14976,-30,-59,-29,-59,-28,-57,-29,-57,-28,-57,-28,-58,-28.666666666666668,-57.833333333333336
140,-14848,-30,-60,-31,-58,-31,-58,-32,-58,-30,-56,-30,-57,-30.666666666666668,-57.833333333333336
141,-14720,-29,-58,-30,-57,-30,-58,-29,-58,-32,-58,-29,-58,-29.833333333333332,-57.833333333333336
142,-14592,-29,-57,-30,-57,-31,-57,-29,-58,-28,-57,-30,-58,-29.5,-57.333333333333336
143,-14464,-31,-59,-29,-60,-31,-60,-30,-58,-31,-59,-30,-60,-30.333333333333332,-59.333333333333336
144,-14336,-29,-58,-31,-59,-30,-59,-31,-59,-33,-61,-31,-60,-30.833333333333332,-59.333333333333336
145,-14208,-32,-58,-32,-57,-31,-59,-30,-58,-32,-59,-32,-59,-31.5,-58.333333333333336
146,-14080,-32,-60,-32,-59,-32,-59,-32,-60,-32,-59,-31,-60,-31.833333333333332,-59.5
147,-13952,-32,-63,-31,-58,-32,-61,-32,-60,-34,-61,-31,-61,-32.0,-60.666666666666664
148,-13824,-31,-61,-31,-60,-32,-61,-32,-60,-31,-61,-31,-61,-31.333333333333332,-60.666666666666664
149,-13696,-32,-60,-33,-60,-31,-62,-33,-62,-31,-61,-32,-62,-32.0,-61.166666666666664
150,-13568,-33,-63,-32,-60,-31,-61,-32,-61,-32,-61,-30,-61,-31.666666666666668,-61.166666666666664
151,-13440,-33,-60,-32,-60,-32,-62,-33,-63,-33,-62,-33,-62,-32.666666666666664,-61.5
152,-13312,-33,-61,-35,-61,-34,-61,-31,-63,-31,-60,-32,-62,-32.666666666666664,-61.333333333333336
153,-13184,-34,-63,-34,-64,-33,-62,-35,-62,-34,-60,-35,-63,-34.166666666666664,-62.333333333333336
154,-13056,-34,-64,-33,-63,-34,-62,-33,-65,-33,-63,-35,-61,-33.666666666666664,-63.0
155,-12928,-36,-63,-35,-63,-35,-63,-34,-63,-33,-63,-34,-63,-34.5,-63.0
156,-12800,-33,-64,-33,-63,-33,-63,-35,-63,-33,-63,-35,-63,-33.666666666666664,-63.166666666666664
157,-12672,-33,-63,-34,-63,-35,-64,-32,-63,-34,-64,-35,-61,-33.833333333333336,-63.0
158,-12544,-34,-64,-35,-65,-34,-63,-34,-63,-34,-63,-35,-64,-34.333333333333336,-63.666666666666664
159,-12416,-35,-65,-35,-65,-35,-65,-34,-66,-35,-64,-35,-66,-34.833333333333336,-65.16666666666667
160,-12288,-35,-65,-35,-65,-35,-63,-35,-66,-35,-63,-35,-68,-35.0,-65.0
161,-12160,-36,-64,-34,-65,-35,-63,-35,-64,-36,-64,-36,-64,-35.333333333333336,-64.0
162,-12032,-37,-66,-37,-66,-36,-66,-37,-66,-37,-66,-37,-64,-36.833333333333336,-65.66666666666667
163,-11904,-37,-64,-35,-66,-35,-67,-36,-65,-36,-67,-36,-66,-35.833333333333336,-65.83333333333333
164,-11776,-35,-67,-37,-64,-37,-67,-36,-67,-37,-65,-36,-66,-36.333333333333336,-66.0
165,-11648,-37,-66,-35,-67,-36,-65,-35,-66,-35,-68,-38,-66,-36.0,-66.33333333333333
166,-11520,-37,-67,-36,-67,-36,-68,-36,-66,-37,-68,-36,-67,-36.333333333333336,-67.16666666666667
167,-11392,-37,-66,-36,-67,-37,-67,-36,-67,-37,-68,-36,-68,-36.5,-67.16666666666667
168,-11264,-37,-68,-38,-66,-38,-67,-37,-70,-38,-67,-37,-67,-37.5,-67.5
169,-11136,-37,-67,-37,-70,-37,-65,-39,-67,-38,-67,-37,-70,-37.5,-67.66666666666667
170,-11008,-38,-69,-40,-69,-37,-68,-38,-67,-39,-69,-38,-68,-38.333333333333336,-68.33333333333333
171,-10880,-39,-72,-36,-69,-38,-69,-37,-70,-38,-70,-38,-69,-37.666666666666664,-69.83333333333333
172,-10752,-38,-70,-39,-69,-38,-70,-38,-68,-39,-68,-38,-70,-38.333333333333336,-69.16666666666667
173,-10624,-39,-68,-38,-68,-40,-70,-39,-70,-40,-70,-40,-69,-39.333333333333336,-69.16666666666667
174,-10496,-40,-69,-38,-69,-39,-70,-37,-69,-40,-69,-38,-68,-38.666666666666664,-69.0
175,-10368,-41,-71,-40,-71,-41,-70,-39,-71,-40,-70,-40,-70,-40.166666666666664,-70.5
176,-10240,-40,-69,-41,-70,-40,-72,-39,-72,-38,-72,-41,-70,-39.833333333333336,-70.83333333333333
177,-10112,-39,-72,-39,-69,-38,-70,-40,-70,-39,-70,-40,-69,-39.166666666666664,-70.0
178,-9984,-37,-72,-39,-70,-40,-72,-40,-73,-41,-71,-42,-73,-39.833333333333336,-71.83333333333333
179,-9856,-41,-70,-39,-72,-42,-71,-38,-71,-41,-71,-39,-71,-40.0,-71.0
180,-9728,-41,-71,-40,-72,-40,-72,-41,-73,-41,-73,-40,-72,-40.5,-72.16666666666667
181,-9600,-40,-73,-41,-73,-41,-71,-41,-71,-42,-72,-41,-74,-41.0,-72.33333333333333
182,-9472,-42,-72,-40,-73,-41,-74,-42,-73,-41,-74,-42,-75,-41.333333333333336,-73.5
183,-9344,-44,-72,-43,-73,-42,-74,-41,-74,-41,-73,-42,-73,-42.166666666666664,-73.16666666666667
184,-9216,-42,-71,-42,-73,-42,-76,-43,-75,-42,-73,-41,-73,-42.0,-73.5
185,-9088,-42,-74,-42,-74,-40,-73,-43,-75,-42,-76,-39,-74,-41.333333333333336,-74.33333333333333
186,-8960,-42,-73,-44,-74,-42,-75,-43,-74,-42,-74,-43,-74,-42.666666666666664,-74.0
187,-8832,-42,-76,-41,-75,-41,-75,-42,-74,-44,-76,-43,-73,-42.166666666666664,-74.83333333333333
188,-8704,-43,-74,-43,-74,-42,-74,-43,-75,-44,-75,-43,-76,-43.0,-74.66666666666667
189,-8576,-43,-77,-44,-75,-44,-78,-44,-75,-42,-75,-45,-77,-43.666666666666664,-76.16666666666667
190,-8448,-43,-76,-45,-78,-43,-77,-42,-76,-44,-74,-43,-74,-43.333333333333336,-75.83333333333333
191,-8320,-46,-76,-43,-76,-43,-75,-43,-78,-42,-76,-44,-76,-43.5,-76.16666666666667
192,-8192,-42,-77,-44,-75,-44,-76,-43,-74,-44,-77,-44,-76,-43.5,-75.83333333333333
193,-8064,-44,-78,-45,-75,-44,-76,-44,-78,-45,-79,-44,-76,-44.333333333333336,-77.0
194,-7936,-45,-79,-44,-77,-45,-78,-45,-77,-45,-77,-44,-77,-44.666666666666664,-77.5
195,-7808,-46,-78,-45,-77,-42,-76,-45,-76,-44,-78,-44,-78,-44.333333333333336,-77.16666666666667
196,-7680,-46,-77,-47,-80,-44,-76,-44,-79,-44,-78,-45,-79,-45.0,-78.16666666666667
197,-7552,-45,-78,-46,-77,-46,-78,-47,-78,-45,-78,-47,-79,-46.0,-78.0
198,-7424,-46,-79,-45,-78,-46,-80,-46,-79,-47,-81,-47,-78,-46.166666666666664,-79.16666666666667
199,-7296,-46,-78,-45,-80,-46,-78,-46,-78,-47,-79,-48,-78,-46.333333333333336,-78.5
200,-7168,-46,-79,-49,-80,-46,-78,-46,-81,-46,-79,-46,-80,-46.5,-79.5
201,-7040,-46,-82,-47,-76,-47,-80,-47,-80,-46,-80,-46,-79,-46.5,-79.5
202,-6912,-47,-80,-47,-79,-47,-79,-47,-80,-46,-81,-47,-80,-46.833333333333336,-79.83333333333333
203,-6784,-47,-80,-46,-82,-47,-79,-48,-80,-47,-82,-47,-80,-47.0,-80.5
204,-6656,-46,-81,-47,-81,-48,-81,-47,-83,-47,-81,-47,-82,-47.0,-81.5
205,-6528,-48,-80,-49,-81,-48,-80,-50,-80,-48,-79,-47,-80,-48.333333333333336,-80.0
206,-6400,-47,-81,-47,-82,-46,-81,-49,-82,-48,-82,-49,-82,-47.666666666666664,-81.66666666666667
207,-6272,-47,-83,-49,-82,-47,-81,-49,-82,-47,-82,-47,-82,-47.666666666666664,-82.0
208,-6144,-48,-83,-51,-83,-49,-84,-50,-83,-46,-82,-49,-82,-48.833333333333336,-82.83333333333333
209,-6016,-50,-85,-48,-83,-49,-80,-48,-81,-49,-82,-50,-83,-49.0,-82.33333333333333
210,-5888,-50,-82,-50,-82,-48,-83,-49,-83,-50,-84,-50,-81,-49.5,-82.5
211,-5760,-51,-83,-50,-83,-50,-86,-49,-82,-50,-82,-49,-84,-49.833333333333336,-83.33333333333333
212,-5632,-50,-83,-50,-82,-49,-84,-51,-83,-52,-84,-49,-83,-50.166666666666664,-83.16666666666667
213,-5504,-49,-84,-48,-83,-51,-83,-50,-84,-52,-85,-50,-84,-50.0,-83.83333333333333
214,-5376,-51,-85,-52,-84,-51,-86,-50,-85,-52,-82,-51,-84,-51.166666666666664,-84.33333333333333
215,-5248,-52,-86,-50,-85,-50,-83,-50,-84,-50,-86,-51,-85,-50.5,-84.83333333333333
216,-5120,-50,-85,-50,-86,-51,-86,-49,-85,-52,-86,-51,-85,-50.5,-85.5
217,-4992,-50,-85,-51,-87,-52,-85,-52,-86,-51,-87,-50,-87,-51.0,-86.16666666666667
218,-4864,-53,-85,-51,-87,-52,-85,-51,-87,-53,-86,-53,-85,-52.166666666666664,-85.83333333333333
219,-4736,-53,-88,-53,-88,-52,-87,-51,-87,-53,-88,-53,-84,-52.5,-87.0
220,-4608,-51,-86,-52,-85,-53,-86,-53,-85,-52,-86,-52,-86,-52.166666666666664,-85.66666666666667
221,-4480,-53,-88,-53,-88,-54,-88,-52,-87,-52,-88,-51,-89,-52.5,-88.0
222,-4352,-54,-88,-54,-86,-52,-87,-53,-89,-53,-87,-55,-87,-53.5,-87.33333333333333
223,-4224,-54,-89,-54,-86,-51,-88,-55,-87,-52,-88,-53,-88,-53.166666666666664,-87.66666666666667
224,-4096,-54,-89,-53,-91,-56,-88,-54,-89,-54,-90,-53,-89,-54.0,-89.33333333333333
225,-3968,-55,-90,-54,-89,-54,-88,-55,-87,-54,-89,-53,-88,-54.166666666666664,-88.5
226,-3840,-54,-86,-54,-88,-53,-88,-53,-89,-54,-90,-54,-88,-53.666666666666664,-88.16666666666667
227,-3712,-55,-89,-54,-90,-55,-88,-55,-88,-52,-87,-56,-88,-54.5,-88.33333333333333
228,-3584,-56,-88,-54,-88,-54,-89,-54,-89,-56,-89,-55,-85,-54.833333333333336,-88.0
229,-3456,-56,-89,-53,-90,-56,-88,-54,-91,-53,-89,-56,-90,-54.666666666666664,-89.5
230,-3328,-55,-91,-55,-91,-56,-89,-55,-90,-57,-89,-56,-87,-55.666666666666664,-89.5
231,-3200,-55,-89,-57,-92,-55,-91,-54,-92,-55,-90,-57,-91,-55.5,-90.83333333333333
232,-3072,-56,-91,-54,-92,-56,-93,-56,-90,-55,-90,-56,-92,-55.5,-91.33333333333333
233,-2944,-56,-91,-55,-92,-57,-92,-56,-93,-56,-92,-56,-90,-56.0,-91.66666666666667
234,-2816,-56,-90,-56,-94,-57,-91,-56,-91,-58,-94,-56,-93,-56.5,-92.16666666666667
235,-2688,-59,-90,-55,-91,-57,-94,-56,-91,-56,-91,-57,-93,-56.666666666666664,-91.66666666666667
236,-2560,-58,-92,-59,-94,-58,-91,-59,-90,-56,-92,-60,-91,-58.333333333333336,-91.66666666666667
237,-2432,-57,-93,-57,-91,-58,-93,-57,-93,-55,-92,-57,-93,-56.833333333333336,-92.5
238,-2304,-57,-93,-58,-94,-57,-92,-58,-93,-58,-93,-57,-93,-57.5,-93.0
239,-2176,-58,-91,-60,-94,-60,-93,-56,-91,-59,-94,-58,-94,-58.5,-92.83333333333333
240,-2048,-58,-95,-59,-93,-58,-94,-60,-92,-60,-93,-60,-94,-59.166666666666664,-93.5
241,-1920,-60,-92,-58,-90,-59,-95,-58,-94,-59,-92,-59,-93,-58.833333333333336,-92.66666666666667
242,-1792,-60,-92,-58,-95,-59,-95,-60,-93,-59,-93,-61,-94,-59.5,-93.66666666666667
243,-1664,-60,-95,-61,-94,-63,-95,-60,-94,-61,-95,-60,-97,-60.833333333333336,-95.0
244,-1536,-60,-93,-58,-95,-59,-96,-59,-93,-61,-94,-60,-96,-59.5,-94.5
245,-1408,-62,-95,-59,-95,-62,-96,-59,-95,-61,-95,-59,-95,-60.333333333333336,-95.16666666666667
246,-1280,-61,-95,-60,-95,-60,-95,-61,-96,-60,-95,-59,-97,-60.166666666666664,-95.5
247,-1152,-62,-95,-60,-96,-60,-96,-61,-95,-60,-98,-63,-95,-61.0,-95.83333333333333
248,-1024,-62,-98,-63,-97,-60,-97,-62,-96,-60,-96,-62,-97,-61.5,-96.83333333333333
249,-896,-62,-96,-61,-96,-60,-96,-60,-98,-61,-98,-61,-97,-60.833333333333336,-96.83333333333333
250,-768,-62,-95,-63,-98,-60,-98,-63,-99,-63,-97,-61,-96,-62.0,-97.16666666666667
251,-640,-61,-96,-63,-98,-61,-96,-63,-98,-62,-97,-63,-97,-62.166666666666664,-97.0
252,-512,-62,-97,-63,-97,-62,-97,-66,-97,-62,-98,-63,-98,-63.0,-97.33333333333333
253,-384,-62,-97,-63,-98,-63,-97,-63,-97,-64,-97,-63,-100,-63.0,-97.66666666666667
254,-256,-64,-98,-63,-100,-63,-99,-65,-97,-62,-99,-64,-96,-63.5,-98.16666666666667
255,-128,-64,-98,-64,-97,-64,-96,-63,-101,-62,-100,-63,-98,-63.333333333333336,-98.33333333333333
256,0,-65,-99,-66,-99,-62,-98,-63,-99,-65,-99,-63,-100,-64.0,-99.0
257,128,-64,-97,-64,-99,-64,-100,-64,-100,-63,-99,-64,-100,-63.833333333333336,-99.16666666666667
258,256,-65,-99,-64,-100,-63,-100,-64,-100,-63,-99,-65,-98,-64.0,-99.33333333333333
259,384,-65,-99,-65,-98,-64,-100,-64,-102,-63,-100,-64,-100,-64.16666666666667,-99.83333333333333
260,512,-63,-100,-66,-101,-66,-100,-65,-99,-64,-98,-66,-102,-65.0,-100.0
261,640,-65,-99,-66,-102,-66,-99,-66,-101,-66,-100,-65,-102,-65.66666666666667,-100.5
262,768,-65,-103,-64,-100,-66,-101,-67,-101,-66,-100,-65,-100,-65.5,-100.83333333333333
263,896,-68,-103,-65,-101,-66,-99,-66,-102,-67,-100,-68,-101,-66.66666666666667,-101.0
264,1024,-65,-102,-67,-101,-66,-103,-67,-101,-65,-100,-67,-100,-66.16666666666667,-101.16666666666667
265,1152,-67,-103,-65,-101,-65,-103,-68,-101,-66,-100,-67,-102,-66.33333333333333,-101.66666666666667
266,1280,-66,-103,-67,-102,-68,-102,-66,-101,-67,-104,-66,-103,-66.66666666666667,-102.5
267,1408,-65,-102,-68,-104,-66,-105,-67,-103,-69,-101,-67,-104,-67.0,-103.16666666666667
268,1536,-66,-103,-69,-102,-67,-103,-70,-102,-68,-104,-65,-103,-67.5,-102.83333333333333
269,1664,-67,-102,-67,-105,-68,-102,-66,-103,-68,-104,-67,-103,-67.16666666666667,-103.16666666666667
270,1792,-69,-103,-67,-103,-69,-102,-68,-101,-70,-104,-69,-104,-68.66666666666667,-102.83333333333333
271,1920,-70,-104,-68,-105,-68,-105,-70,-103,-68,-105,-69,-102,-68.83333333333333,-104.0
272,2048,-69,-104,-69,-106,-71,-103,-67,-103,-68,-105,-70,-105,-69.0,-104.33333333333333
273,2176,-69,-103,-69,-104,-68,-105,-69,-105,-68,-105,-68,-105,-68.5,-104.5
274,2304,-69,-107,-70,-104,-70,-105,-70,-105,-70,-105,-70,-102,-69.83333333333333,-104.66666666666667
275,2432,-71,-104,-70,-103,-72,-106,-69,-104,-70,-107,-69,-105,-70.16666666666667,-104.83333333333333
276,2560,-70,-105,-70,-106,-70,-105,-71,-108,-71,-105,-70,-103,-70.33333333333333,-105.33333333333333
277,2688,-70,-106,-69,-106,-72,-108,-70,-107,-72,-107,-71,-106,-70.66666666666667,-106.66666666666667
278,2816,-71,-107,-72,-107,-70,-109,-73,-105,-71,-104,-71,-106,-71.33333333333333,-106.33333333333333
279,2944,-71,-109,-72,-106,-70,-108,-69,-108,-71,-107,-70,-107,-70.5,-107.5
280,3072,-70,-104,-72,-107,-73,-107,-71,-107,-73,-107,-73,-104,-72.0,-106.0
281,3200,-73,-106,-72,-109,-73,-107,-73,-109,-72,-110,-72,-106,-72.5,-107.83333333333333
282,3328,-71,-109,-71,-110,-72,-109,-73,-106,-73,-107,-73,-112,-72.16666666666667,-108.83333333333333
283,3456,-72,-108,-72,-107,-72,-108,-72,-109,-72,-110,-74,-109,-72.33333333333333,-108.5
284,3584,-75,-108,-73,-107,-71,-111,-74,-110,-73,-110,-72,-109,-73.0,-109.16666666666667
285,3712,-71,-110,-73,-108,-72,-110,-74,-107,-73,-110,-73,-109,-72.66666666666667,-109.0
286,3840,-73,-109,-74,-109,-74,-113,-75,-109,-74,-111,-75,-109,-74.16666666666667,-110.0
287,3968,-75,-110,-74,-108,-75,-109,-73,-111,-72,-110,-73,-107,-73.66666666666667,-109.16666666666667
288,4096,-74,-110,-74,-109,-73,-110,-75,-112,-74,-108,-75,-109,-74.16666666666667,-109.66666666666667
289,4224,-76,-110,-76,-111,-74,-111,-74,-112,-76,-109,-77,-109,-75.5,-110.33333333333333
290,4352,-76,-110,-74,-110,-75,-110,-74,-109,-75,-110,-74,-110,-74.66666666666667,-109.83333333333333
291,4480,-75,-112,-77,-111,-76,-110,-75,-111,-76,-110,-75,-112,-75.66666666666667,-111.0
292,4608,-74,-110,-75,-110,-77,-111,-75,-111,-75,-110,-75,-111,-75.16666666666667,-110.5
293,4736,-75,-110,-75,-111,-76,-111,-78,-112,-74,-111,-75,-109,-75.5,-110.66666666666667
294,4864,-76,-111,-77,-111,-76,-112,-77,-112,-76,-114,-76,-113,-76.33333333333333,-112.16666666666667
295,4992,-76,-113,-77,-113,-77,-112,-76,-113,-77,-113,-77,-113,-76.66666666666667,-112.83333333333333
296,5120,-77,-112,-78,-113,-77,-113,-76,-113,-78,-111,-77,-113,-77.16666666666667,-112.5
297,5248,-79,-114,-76,-113,-81,-114,-76,-113,-76,-113,-78,-113,-77.66666666666667,-113.33333333333333
298,5376,-77,-113,-77,-114,-78,-113,-79,-113,-77,-113,-78,-114,-77.66666666666667,-113.33333333333333
299,5504,-77,-113,-79,-112,-78,-114,-79,-113,-78,-113,-79,-114,-78.33333333333333,-113.16666666666667
300,5632,-79,-113,-79,-114,-76,-115,-79,-116,-78,-113,-79,-113,-78.33333333333333,-114.0
301,5760,-80,-116,-79,-114,-77,-113,-77,-115,-78,-114,-79,-113,-78.33333333333333,-114.16666666666667
302,5888,-80,-115,-79,-116,-78,-116,-81,-116,-78,-111,-80,-115,-79.33333333333333,-114.83333333333333
303,6016,-81,-116,-80,-115,-80,-116,-80,-115,-79,-115,-80,-117,-80.0,-115.66666666666667
304,6144,-80,-115,-81,-115,-81,-116,-80,-117,-80,-113,-80,-115,-80.33333333333333,-115.16666666666667
305,6272,-81,-115,-81,-117,-82,-114,-80,-116,-79,-115,-80,-115,-80.5,-115.33333333333333
306,6400,-82,-117,-80,-118,-79,-115,-81,-116,-80,-115,-80,-117,-80.33333333333333,-116.33333333333333
307,6528,-81,-117,-80,-116,-83,-118,-79,-113,-81,-117,-82,-118,-81.0,-116.5
308,6656,-81,-116,-82,-116,-81,-116,-82,-115,-83,-118,-81,-119,-81.66666666666667,-116.66666666666667
309,6784,-82,-116,-80,-116,-82,-118,-82,-118,-83,-117,-83,-115,-82.0,-116.66666666666667
310,6912,-82,-116,-81,-120,-85,-119,-83,-117,-83,-119,-82,-116,-82.66666666666667,-117.83333333333333
311,7040,-83,-117,-82,-118,-83,-117,-83,-118,-83,-118,-84,-117,-83.0,-117.5
312,7168,-83,-117,-83,-119,-84,-118,-83,-120,-82,-117,-83,-119,-83.0,-118.33333333333333
313,7296,-84,-119,-84,-116,-84,-117,-83,-118,-84,-118,-84,-119,-83.83333333333333,-117.83333333333333
314,7424,-84,-123,-84,-120,-82,-121,-84,-122,-85,-116,-84,-118,-83.83333333333333,-120.0
315,7552,-83,-123,-84,-119,-84,-120,-84,-119,-84,-122,-84,-120,-83.83333333333333,-120.5
316,7680,-85,-122,-84,-118,-85,-122,-86,-121,-86,-120,-85,-116,-85.16666666666667,-119.83333333333333
317,7808,-84,-125,-84,-124,-85,-121,-86,-123,-85,-121,-87,-120,-85.16666666666667,-122.33333333333333
318,7936,-85,-123,-83,-120,-86,-124,-85,-121,-84,-123,-84,-123,-84.5,-122.33333333333333
319,8064,-87,-123,-84,-119,-86,-124,-86,-124,-88,-123,-85,-124,-86.0,-122.83333333333333
320,8192,-86,-123,-86,-124,-87,-125,-86,-123,-85,-124,-85,-124,-85.83333333333333,-123.83333333333333
321,8320,-86,-127,-87,-125,-87,-125,-87,-123,-85,-126,-88,-126,-86.66666666666667,-125.33333333333333
322,8448,-85,-127,-87,-123,-86,-126,-86,-127,-88,-124,-87,-123,-86.5,-125.0
323,8576,-89,-124,-88,-124,-85,-125,-88,-124,-89,-122,-88,-124,-87.83333333333333,-123.83333333333333
324,8704,-88,-124,-87,-125,-86,-124,-87,-122,-87,-125,-87,-125,-87.0,-124.16666666666667
325,8832,-87,-127,-87,-124,-87,-126,-87,-124,-88,-128,-87,-125,-87.16666666666667,-125.66666666666667
326,8960,-86,-126,-88,-125,-88,-125,-90,-124,-89,-127,-89,-123,-88.33333333333333,-125.0
327,9088,-90,-127,-90,-124,-89,-127,-90,-125,-87,-126,-89,-127,-89.16666666666667,-126.0
328,9216,-88,-129,-89,-125,-90,-126,-90,-126,-89,-127,-88,-129,-89.0,-127.0
329,9344,-89,-129,-89,-128,-90,-129,-87,-129,-89,-125,-90,-129,-89.0,-128.16666666666666
330,9472,-90,-127,-89,-130,-90,-127,-92,-127,-88,-127,-89,-125,-89.66666666666667,-127.16666666666667
331,9600,-89,-128,-92,-128,-90,-126,-90,-127,-91,-129,-91,-127,-90.5,-127.5
332,9728,-91,-128,-88,-129,-92,-130,-92,-130,-92,-128,-89,-127,-90.66666666666667,-128.66666666666666
333,9856,-91,-129,-91,-129,-90,-131,-90,-130,-91,-129,-91,-128,-90.66666666666667,-129.33333333333334
334,9984,-91,-129,-91,-128,-93,-130,-91,-128,-94,-130,-90,-129,-91.66666666666667,-129.0
335,10112,-90,-131,-91,-128,-92,-132,-93,-128,-93,-129,-90,-127,-91.5,-129.16666666666666
336,10240,-92,-133,-90,-130,-92,-131,-93,-129,-92,-129,-91,-129,-91.66666666666667,-130.16666666666666
337,10368,-92,-128,-93,-130,-91,-132,-91,-127,-94,-128,-95,-130,-92.66666666666667,-129.16666666666666
338,10496,-94,-131,-92,-130,-92,-131,-94,-130,-92,-129,-95,-131,-93.16666666666667,-130.33333333333334
339,10624,-93,-131,-94,-129,-94,-131,-92,-130,-94,-130,-93,-132,-93.33333333333333,-130.5
340,10752,-94,-129,-93,-132,-92,-130,-92,-131,-94,-132,-95,-131,-93.33333333333333,-130.83333333333334
341,10880,-92,-132,-94,-132,-94,-132,-94,-131,-94,-131,-95,-129,-93.83333333333333,-131.16666666666666
342,11008,-95,-131,-96,-134,-93,-131,-92,-130,-94,-131,-94,-130,-94.0,-131.16666666666666
343,11136,-94,-130,-95,-130,-95,-132,-96,-133,-95,-134,-93,-134,-94.66666666666667,-132.16666666666666
344,11264,-95,-134,-95,-134,-96,-133,-96,-134,-96,-133,-95,-131,-95.5,-133.16666666666666
345,11392,-95,-132,-95,-132,-95,-132,-94,-134,-96,-134,-94,-132,-94.83333333333333,-132.66666666666666
346,11520,-96,-132,-94,-132,-98,-133,-98,-134,-98,-131,-95,-134,-96.5,-132.66666666666666
347,11648,-98,-132,-94,-132,-95,-134,-95,-131,-95,-134,-96,-134,-95.5,-132.83333333333334
348,11776,-97,-135,-98,-134,-98,-134,-96,-131,-95,-133,-96,-134,-96.66666666666667,-133.5
349,11904,-98,-133,-99,-135,-97,-135,-99,-135,-97,-136,-97,-133,-97.83333333333333,-134.5
350,12032,-97,-135,-97,-135,-96,-135,-97,-133,-96,-134,-96,-134,-96.5,-134.33333333333334
351,12160,-98,-133,-96,-135,-97,-135,-101,-136,-98,-133,-97,-136,-97.83333333333333,-134.66666666666666
352,12288,-96,-136,-96,-136,-99,-135,-97,-134,-99,-135,-98,-134,-97.5,-135.0
353,12416,-97,-136,-100,-134,-97,-137,-98,-134,-99,-137,-100,-136,-98.5,-135.66666666666666
354,12544,-100,-136,-99,-135,-98,-138,-96,-137,-102,-138,-99,-134,-99.0,-136.33333333333334
355,12672,-98,-134,-100,-137,-99,-134,-100,-138,-99,-135,-98,-134,-99.0,-135.33333333333334
356,12800,-100,-139,-99,-135,-98,-134,-98,-136,-99,-137,-101,-136,-99.16666666666667,-136.16666666666666
357,12928,-102,-135,-100,-136,-102,-139,-101,-136,-103,-138,-100,-135,-101.33333333333333,-136.5
358,13056,-102,-138,-100,-138,-101,-137,-101,-137,-101,-139,-100,-138,-100.83333333333333,-137.83333333333334
359,13184,-98,-138,-100,-135,-101,-136,-101,-139,-100,-140,-103,-137,-100.5,-137.5
360,13312,-98,-138,-100,-138,-104,-141,-102,-139,-102,-136,-102,-136,-101.33333333333333,-138.0
361,13440,-101,-140,-102,-138,-103,-138,-103,-138,-102,-139,-103,-137,-102.33333333333333,-138.33333333333334
362,13568,-101,-139,-100,-139,-103,-137,-103,-138,-102,-139,-103,-140,-102.0,-138.66666666666666
363,13696,-103,-140,-102,-139,-104,-139,-103,-136,-102,-137,-102,-139,-102.66666666666667,-138.33333333333334
364,13824,-102,-138,-101,-138,-102,-138,-105,-138,-105,-139,-100,-138,-102.5,-138.16666666666666
365,13952,-102,-137,-104,-136,-104,-142,-105,-140,-104,-138,-105,-140,-104.0,-138.83333333333334
366,14080,-105,-138,-106,-141,-102,-138,-106,-137,-105,-136,-106,-138,-105.0,-138.0
367,14208,-106,-138,-105,-139,-104,-139,-105,-138,-105,-138,-104,-139,-104.83333333333333,-138.5
368,14336,-105,-140,-107,-140,-106,-140,-107,-141,-106,-140,-105,-138,-106.0,-139.83333333333334
369,14464,-106,-143,-103,-140,-106,-141,-106,-143,-106,-142,-105,-140,-105.33333333333333,-141.5
370,14592,-106,-140,-108,-141,-103,-143,-107,-140,-106,-142,-106,-142,-106.0,-141.33333333333334
371,14720,-105,-143,-105,-140,-106,-139,-108,-140,-108,-145,-104,-141,-106.0,-141.33333333333334
372,14848,-106,-142,-108,-142,-105,-139,-106,-140,-107,-142,-104,-141,-106.0,-141.0
373,14976,-107,-142,-108,-142,-109,-139,-108,-142,-106,-144,-108,-137,-107.66666666666667,-141.0
374,15104,-109,-142,-108,-143,-108,-142,-107,-140,-108,-142,-107,-140,-107.83333333333333,-141.5
375,15232,-108,-139,-108,-143,-106,-142,-107,-145,-106,-143,-107,-143,-107.0,-142.5
376,15360,-108,-143,-110,-143,-105,-142,-110,-145,-109,-141,-109,-142,-108.5,-142.66666666666666
377,15488,-110,-144,-107,-143,-108,-142,-109,-141,-108,-142,-108,-142,-108.33333333333333,-142.33333333333334
378,15616,-107,-146,-108,-143,-112,-143,-109,-144,-109,-143,-109,-144,-109.0,-143.83333333333334
379,15744,-113,-145,-108,-142,-108,-143,-111,-141,-110,-142,-109,-145,-109.83333333333333,-143.0
380,15872,-110,-143,-110,-145,-110,-145,-111,-143,-109,-145,-109,-143,-109.83333333333333,-144.0
381,16000,-111,-140,-112,-145,-109,-146,-110,-144,-111,-143,-110,-143,-110.5,-143.5
382,16128,-112,-145,-112,-143,-111,-143,-111,-145,-111,-144,-112,-142,-111.5,-143.66666666666666
383,16256,-112,-144,-110,-145,-112,-144,-111,-146,-113,-145,-113,-144,-111.83333333333333,-144.66666666666666
384,16384,-109,-145,-112,-144,-114,-147,-110,-144,-112,-144,-112,-146,-111.5,-145.0
385,16512,-113,-148,-111,-146,-113,-145,-112,-147,-111,-145,-112,-145,-112.0,-146.0
386,16640,-115,-147,-111,-147,-113,-146,-112,-147,-113,-145,-114,-145,-113.0,-146.16666666666666
387,16768,-110,-145,-112,-146,-112,-145,-112,-147,-115,-144,-114,-146,-112.5,-145.5
388,16896,-114,-145,-115,-149,-111,-148,-113,-145,-115,-147,-115,-148,-113.83333333333333,-147.0
389,17024,-115,-143,-116,-148,-115,-144,-114,-146,-114,-145,-114,-146,-114.66666666666667,-145.33333333333334
390,17152,-114,-146,-114,-146,-114,-148,-113,-148,-115,-146,-114,-148,-114.0,-147.0
391,17280,-118,-150,-114,-145,-116,-144,-115,-146,-114,-148,-114,-146,-115.16666666666667,-146.5
392,17408,-115,-147,-115,-150,-115,-146,-117,-150,-116,-147,-115,-148,-115.5,-148.0
393,17536,-119,-148,-117,-149,-117,-150,-115,-149,-117,-150,-114,-151,-116.5,-149.5
394,17664,-118,-148,-118,-148,-117,-146,-117,-149,-115,-147,-115,-149,-116.66666666666667,-147.83333333333334
395,17792,-118,-147,-118,-148,-118,-148,-117,-150,-116,-148,-118,-147,-117.5,-148.0
396,17920,-115,-147,-120,-148,-117,-150,-115,-149,-119,-150,-119,-148,-117.5,-148.66666666666666
397,18048,-117,-149,-120,-148,-116,-151,-118,-150,-116,-151,-118,-147,-117.5,-149.33333333333334
398,18176,-119,-150,-119,-148,-117,-148,-121,-149,-120,-149,-117,-149,-118.83333333333333,-148.83333333333334
399,18304,-117,-150,-119,-149,-116,-149,-118,-147,-122,-152,-122,-150,-119.0,-149.5
400,18432,-123,-151,-119,-149,-116,-150,-119,-151,-118,-148,-117,-150,-118.66666666666667,-149.83333333333334
401,18560,-121,-150,-119,-146,-120,-150,-119,-149,-122,-146,-122,-152,-120.5,-148.83333333333334
402,18688,-123,-150,-119,-152,-122,-150,-120,-149,-123,-152,-119,-150,-121.0,-150.5
403,18816,-122,-150,-124,-149,-122,-150,-126,-150,-125,-153,-121,-153,-123.33333333333333,-150.83333333333334
404,18944,-123,-151,-123,-150,-123,-150,-124,-152,-124,-150,-126,-150,-123.83333333333333,-150.5
405,19072,-124,-152,-122,-152,-124,-150,-126,-149,-123,-152,-123,-152,-123.66666666666667,-151.16666666666666
406,19200,-124,-151,-124,-153,-124,-151,-124,-155,-124,-151,-124,-152,-124.0,-152.16666666666666
407,19328,-125,-153,-128,-150,-122,-150,-127,-153,-125,-152,-125,-151,-125.33333333333333,-151.5
408,19456,-126,-153,-125,-153,-127,-153,-125,-154,-123,-152,-125,-153,-125.16666666666667,-153.0
409,19584,-126,-151,-128,-154,-128,-153,-127,-150,-128,-151,-126,-152,-127.16666666666667,-151.83333333333334
410,19712,-125,-153,-124,-150,-126,-150,-125,-152,-126,-152,-126,-153,-125.33333333333333,-151.66666666666666
411,19840,-126,-151,-126,-155,-124,-154,-126,-153,-125,-152,-127,-153,-125.66666666666667,-153.0
412,19968,-128,-154,-128,-153,-125,-151,-127,-154,-128,-152,-128,-153,-127.33333333333333,-152.83333333333334
413,20096,-127,-150,-130,-155,-128,-150,-127,-155,-129,-150,-126,-155,-127.83333333333333,-152.5
414,20224,-128,-154,-130,-154,-128,-152,-129,-152,-130,-157,-128,-154,-128.83333333333334,-153.83333333333334
415,20352,-127,-158,-128,-154,-132,-154,-129,-156,-130,-155,-131,-153,-129.5,-155.0
416,20480,-129,-156,-128,-154,-130,-155,-132,-155,-132,-154,-127,-154,-129.66666666666666,-154.66666666666666
417,20608,-130,-155,-130,-154,-126,-156,-129,-156,-132,-154,-132,-156,-129.83333333333334,-155.16666666666666
418,20736,-130,-156,-130,-155,-131,-154,-128,-157,-130,-154,-129,-155,-129.66666666666666,-155.16666666666666
419,20864,-130,-154,-126,-156,-132,-157,-129,-155,-131,-154,-130,-154,-129.66666666666666,-155.0
420,20992,-129,-157,-129,-154,-132,-155,-131,-154,-131,-159,-131,-157,-130.5,-156.0
421,21120,-130,-155,-132,-155,-130,-154,-131,-155,-130,-156,-131,-157,-130.66666666666666,-155.33333333333334
422,21248,-133,-156,-129,-153,-133,-161,-130,-154,-131,-158,-130,-159,-131.0,-156.83333333333334
423,21376,-133,-157,-132,-157,-134,-157,-132,-155,-131,-155,-132,-159,-132.33333333333334,-156.66666666666666
424,21504,-131,-156,-135,-157,-136,-159,-132,-155,-134,-157,-135,-156,-133.83333333333334,-156.66666666666666
425,21632,-131,-157,-136,-159,-135,-157,-133,-158,-132,-159,-135,-154,-133.66666666666666,-157.33333333333334
426,21760,-133,-155,-135,-157,-134,-158,-134,-157,-134,-156,-131,-156,-133.5,-156.5
427,21888,-135,-155,-135,-159,-134,-158,-133,-154,-134,-158,-135,-158,-134.33333333333334,-157.0
428,22016,-136,-159,-136,-160,-133,-157,-136,-159,-136,-158,-136,-158,-135.5,-158.5
429,22144,-136,-157,-137,-158,-135,-158,-135,-158,-136,-157,-137,-159,-136.0,-157.83333333333334
430,22272,-135,-157,-133,-158,-135,-159,-135,-158,-135,-158,-136,-158,-134.83333333333334,-158.0
431,22400,-135,-159,-135,-160,-140,-158,-136,-159,-138,-157,-135,-159,-136.5,-158.66666666666666
432,22528,-137,-158,-137,-157,-139,-160,-139,-158,-137,-159,-136,-159,-137.5,-158.5
433,22656,-139,-158,-137,-155,-139,-159,-137,-161,-138,-159,-139,-158,-138.16666666666666,-158.33333333333334
434,22784,-137,-160,-138,-162,-139,-160,-138,-160,-139,-161,-138,-160,-138.16666666666666,-160.5
435,22912,-138,-159,-136,-159,-139,-160,-139,-162,-138,-160,-137,-162,-137.83333333333334,-160.33333333333334
436,23040,-139,-160,-138,-161,-139,-158,-141,-160,-142,-162,-141,-161,-140.0,-160.33333333333334
437,23168,-137,-160,-139,-159,-141,-159,-142,-160,-137,-162,-138,-163,-139.0,-160.5
438,23296,-140,-158,-140,-160,-140,-161,-141,-161,-140,-160,-141,-163,-140.33333333333334,-160.5
439,23424,-142,-160,-143,-162,-141,-159,-142,-160,-138,-161,-140,-161,-141.0,-160.5
440,23552,-145,-160,-143,-162,-142,-161,-140,-161,-141,-159,-141,-164,-142.0,-161.16666666666666
441,23680,-143,-161,-141,-161,-144,-164,-142,-159,-140,-162,-143,-163,-142.16666666666666,-161.66666666666666
442,23808,-142,-162,-143,-162,-143,-162,-143,-162,-142,-162,-142,-160,-142.5,-161.66666666666666
443,23936,-144,-162,-141,-162,-138,-163,-141,-160,-144,-161,-141,-163,-141.5,-161.83333333333334
444,24064,-143,-163,-145,-163,-140,-162,-143,-161,-144,-163,-143,-163,-143.0,-162.5
445,24192,-146,-160,-143,-161,-141,-161,-146,-165,-145,-167,-145,-160,-144.33333333333334,-162.33333333333334
446,24320,-146,-163,-143,-160,-144,-162,-143,-162,-145,-163,-145,-160,-144.33333333333334,-161.66666666666666
447,24448,-144,-162,-146,-163,-145,-162,-145,-162,-143,-165,-144,-164,-144.5,-163.0
448,24576,-146,-166,-142,-165,-146,-163,-144,-166,-142,-161,-145,-162,-144.16666666666666,-163.83333333333334
449,24704,-143,-164,-148,-163,-147,-163,-147,-162,-146,-170,-147,-164,-146.33333333333334,-164.33333333333334
450,24832,-143,-164,-146,-164,-148,-162,-145,-167,-147,-163,-146,-164,-145.83333333333334,-164.0
451,24960,-149,-164,-148,-166,-147,-163,-148,-163,-148,-166,-147,-166,-147.83333333333334,-164.66666666666666
452,25088,-148,-164,-149,-161,-149,-165,-148,-163,-145,-163,-147,-163,-147.66666666666666,-163.16666666666666
453,25216,-147,-164,-148,-165,-149,-166,-149,-165,-147,-166,-147,-163,-147.83333333333334,-164.83333333333334
454,25344,-145,-166,-146,-165,-148,-163,-149,-166,-151,-165,-150,-164,-148.16666666666666,-164.83333333333334
455,25472,-148,-166,-148,-162,-150,-165,-148,-166,-146,-166,-148,-163,-148.0,-164.66666666666666
456,25600,-150,-166,-150,-166,-149,-165,-151,-167,-148,-166,-147,-166,-149.16666666666666,-166.0
457,25728,-148,-166,-149,-166,-151,-166,-149,-167,-148,-166,-151,-167,-149.33333333333334,-166.33333333333334
458,25856,-151,-166,-148,-166,-150,-167,-150,-164,-148,-164,-150,-166,-149.5,-165.5
459,25984,-149,-166,-150,-167,-150,-164,-149,-163,-149,-165,-150,-167,-149.5,-165.33333333333334
460,26112,-151,-164,-152,-167,-151,-166,-151,-168,-152,-168,-150,-166,-151.16666666666666,-166.5
461,26240,-151,-168,-150,-168,-151,-170,-153,-165,-151,-164,-152,-166,-151.33333333333334,-166.83333333333334
462,26368,-153,-164,-151,-168,-151,-168,-153,-166,-153,-164,-154,-170,-152.5,-166.66666666666666
463,26496,-150,-170,-153,-169,-153,-169,-152,-166,-155,-169,-155,-166,-153.0,-168.16666666666666
464,26624,-154,-169,-154,-167,-151,-169,-154,-167,-153,-166,-153,-167,-153.16666666666666,-167.5
465,26752,-153,-167,-153,-168,-154,-169,-153,-169,-154,-168,-155,-168,-153.66666666666666,-168.16666666666666
466,26880,-158,-167,-153,-170,-152,-168,-151,-168,-156,-168,-154,-168,-154.0,-168.16666666666666
467,27008,-154,-168,-153,-170,-153,-170,-153,-167,-154,-168,-154,-167,-153.5,-168.33333333333334
468,27136,-156,-167,-154,-168,-156,-167,-155,-170,-155,-171,-155,-171,-155.16666666666666,-169.0
469,27264,-156,-170,-153,-168,-157,-170,-154,-170,-155,-168,-154,-171,-154.83333333333334,-169.5
470,27392,-156,-169,-156,-170,-156,-169,-159,-170,-158,-168,-156,-169,-156.83333333333334,-169.16666666666666
471,27520,-155,-169,-157,-170,-156,-170,-157,-167,-159,-169,-157,-169,-156.83333333333334,-169.0
472,27648,-158,-169,-154,-169,-156,-173,-160,-172,-159,-171,-158,-172,-157.5,-171.0
473,27776,-158,-169,-160,-169,-156,-171,-158,-169,-156,-170,-160,-171,-158.0,-169.83333333333334
474,27904,-157,-169,-159,-169,-158,-168,-157,-173,-162,-168,-158,-170,-158.5,-169.5
475,28032,-158,-173,-156,-169,-158,-169,-159,-171,-157,-169,-160,-171,-158.0,-170.33333333333334
476,28160,-159,-171,-159,-172,-161,-168,-160,-170,-159,-169,-158,-169,-159.33333333333334,-169.83333333333334
477,28288,-159,-173,-162,-171,-157,-171,-161,-173,-160,-169,-160,-169,-159.83333333333334,-171.0
478,28416,-159,-169,-160,-168,-160,-171,-162,-171,-160,-171,-158,-169,-159.83333333333334,-169.83333333333334
479,28544,-160,-171,-160,-170,-161,-169,-162,-172,-160,-175,-162,-170,-160.83333333333334,-171.16666666666666
480,28672,-163,-174,-163,-168,-163,-169,-160,-170,-160,-172,-162,-168,-161.83333333333334,-170.16666666666666
481,28800,-162,-172,-159,-174,-161,-170,-160,-172,-161,-172,-160,-174,-160.5,-172.33333333333334
482,28928,-162,-172,-160,-170,-164,-174,-162,-175,-163,-171,-162,-173,-162.16666666666666,-172.5
483,29056,-160,-174,-163,-175,-162,-172,-164,-170,-161,-172,-163,-172,-162.16666666666666,-172.5
484,29184,-164,-174,-165,-173,-164,-174,-162,-174,-164,-171,-162,-174,-163.5,-173.33333333333334
485,29312,-163,-172,-162,-171,-165,-175,-163,-172,-164,-174,-162,-174,-163.16666666666666,-173.0
486,29440,-165,-175,-162,-172,-163,-170,-164,-175,-164,-173,-167,-174,-164.16666666666666,-173.16666666666666
487,29568,-163,-172,-164,-170,-167,-175,-163,-173,-165,-174,-168,-174,-165.0,-173.0
488,29696,-165,-174,-166,-172,-166,-173,-164,-172,-163,-174,-164,-174,-164.66666666666666,-173.16666666666666
489,29824,-163,-174,-164,-174,-166,-170,-163,-174,-168,-173,-168,-175,-165.33333333333334,-173.33333333333334
490,29952,-167,-176,-167,-174,-166,-176,-167,-171,-166,-172,-166,-174,-166.5,-173.83333333333334
491,30080,-166,-177,-165,-175,-166,-178,-168,-174,-165,-177,-168,-176,-166.33333333333334,-176.16666666666666
492,30208,-167,-176,-170,-174,-166,-176,-170,-176,-166,-174,-168,-173,-167.83333333333334,-174.83333333333334
493,30336,-166,-176,-167,-175,-170,-174,-166,-175,-167,-171,-170,-175,-167.66666666666666,-174.33333333333334
494,30464,-170,-174,-169,-176,-169,-177,-172,-174,-169,-174,-170,-175,-169.83333333333334,-175.0
495,30592,-171,-175,-171,-173,-169,-175,-166,-175,-167,-172,-169,-178,-168.83333333333334,-174.66666666666666
496,30720,-169,-175,-170,-175,-170,-175,-168,-177,-170,-175,-167,-176,-169.0,-175.5
497,30848,-171,-176,-170,-175,-172,-176,-170,-179,-169,-177,-171,-176,-170.5,-176.5
498,30976,-172,-175,-171,-177,-173,-176,-171,-175,-169,-176,-169,-175,-170.83333333333334,-175.66666666666666
499,31104,-172,-178,-173,-174,-173,-176,-170,-175,-170,-179,-173,-176,-171.83333333333334,-176.33333333333334
500,31232,-170,-173,-174,-175,-170,-176,-170,-178,-172,-176,-173,-177,-171.5,-175.83333333333334
501,31360,-171,-175,-171,-178,-174,-175,-174,-176,-172,-178,-171,-178,-172.16666666666666,-176.66666666666666
502,31488,-173,-175,-170,-178,-172,-178,-173,-179,-173,-177,-173,-175,-172.33333333333334,-177.0
503,31616,-173,-176,-173,-178,-174,-179,-173,-177,-172,-177,-172,-178,-172.83333333333334,-177.5
504,31744,-174,-175,-173,-177,-176,-177,-176,-177,-173,-175,-175,-178,-174.5,-176.5
505,31872,-175,-174,-176,-183,-178,-178,-176,-178,-174,-179,-174,-178,-175.5,-178.33333333333334
506,32000,-177,-176,-175,-175,-175,-179,-177,-178,-174,-179,-177,-178,-175.83333333333334,-177.5
507,32128,-175,-179,-176,-179,-177,-177,-174,-179,-177,-180,-172,-178,-175.16666666666666,-178.66666666666666
508,32256,-175,-178,-173,-178,-177,-176,-178,-176,-174,-178,-174,-176,-175.16666666666666,-177.0
509,32384,-179,-180,-177,-174,-180,-178,-176,-179,-174,-178,-173,-180,-176.5,-178.16666666666666
510,32512,-178,-176,-178,-178,-179,-175,-179,-179,-179,-177,-176,-179,-178.16666666666666,-177.33333333333334
511,32640,-178,-178,-177,-177,-179,-178,-179,-179,-178,-179,-176,-177,-177.83333333333334,-178.0
